"","Term","Overlap","P.value","Adjusted.P.value","Old.P.value","Old.Adjusted.P.value","Z.score","Combined.Score","Genes"
"1","tryptophan metabolic process (GO:0006568)","1/6",0.0461909414929531,0.268809379681499,0.0683073972390649,0.371303395075032,-6.91477092007327,21.2627240040438,"Ddc"
"2","eclosion rhythm (GO:0008062)","2/11",0.00321476642678804,0.21695528765622,0.00724514781711637,0.371303395075032,-3.04679613306903,17.4886115557502,"Ddc;per"
"3","regulation of phosphatase activity (GO:0010921)","2/12",0.00383789649358536,0.21695528765622,0.00839787320082938,0.371303395075032,-2.92431948017978,16.2674946213606,"CG32812;I-2"
"4","nucleoside transport (GO:0015858)","1/6",0.0461909414929531,0.268809379681499,0.0683073972390649,0.371303395075032,-5.20102996868586,15.9930192972692,"Ent3"
"5","nucleoside transmembrane transport (GO:1901642)","1/6",0.0461909414929531,0.268809379681499,0.0683073972390649,0.371303395075032,-5.1980742608366,15.9839305796585,"Ent3"
"6","regulation of adult chitin-containing cuticle pigmentation (GO:0048082)","2/13",0.00451240330411645,0.21695528765622,0.00962708082868855,0.371303395075032,-2.9169712813123,15.7543442376485,"Ddc;ple"
"7","regulation of chitin-based cuticle tanning (GO:0007564)","2/14",0.00523745228561383,0.217063300281551,0.0109311560241618,0.371303395075032,-2.8963117834035,15.2111980824793,"Ddc;ple"
"8","cellular response to UV (GO:0034644)","2/17",0.0077076527928345,0.225492352087317,0.0152767988120786,0.371303395075032,-2.99625720166126,14.5784139825306,"TotC;TotA"
"9","protein heterooligomerization (GO:0051291)","1/7",0.053680589496616,0.268809379681499,0.0776817411224183,0.371303395075032,-4.84534895810388,14.1712105328578,"Dronc"
"10","regulation of cuticle pigmentation (GO:0048079)","2/16",0.00683588732538845,0.225492352087317,0.0137575702413451,0.371303395075032,-2.81954528163783,14.0570375400794,"Ddc;ple"
"11","muscle tissue development (GO:0060537)","1/6",0.0461909414929531,0.268809379681499,0.0683073972390649,0.371303395075032,-4.54190235567324,13.9662206251329,"kuz"
"12","embryonic epithelial tube formation (GO:0001838)","1/6",0.0461909414929531,0.268809379681499,0.0683073972390649,0.371303395075032,-4.49641914923978,13.8263610583602,"mmy"
"13","negative regulation of dephosphorylation (GO:0035305)","2/15",0.00601221865594704,0.224255755866825,0.0123085081388104,0.371303395075032,-2.68857206176367,13.7492538466993,"CG32812;I-2"
"14","tetrahydrofolate metabolic process (GO:0046653)","1/8",0.0611117977919872,0.268809379681499,0.0869629311474347,0.371303395075032,-4.82890099334544,13.4970213708039,"Nmdmc"
"15","circadian sleep/wake cycle (GO:0042745)","1/6",0.0461909414929531,0.268809379681499,0.0683073972390649,0.371303395075032,-4.28167178624496,13.1660190220536,"per"
"16","copulation (GO:0007620)","1/7",0.053680589496616,0.268809379681499,0.0776817411224183,0.371303395075032,-4.34007023498756,12.6934199289263,"per"
"17","regulation of necrotic cell death (GO:0010939)","1/6",0.0461909414929531,0.268809379681499,0.0683073972390649,0.371303395075032,-3.88182679400592,11.9365070378319,"Dronc"
"18","lipid catabolic process (GO:0016042)","3/28",0.0013460115000828,0.21695528765622,0.0035906110816249,0.371303395075032,-1.78187783109085,11.7792985249997,"CG17192;CG6295;CG6296"
"19","aminoglycan catabolic process (GO:0006026)","2/19",0.00959229948922457,0.225492352087317,0.0185196965244003,0.371303395075032,-2.52068877116978,11.7131230682856,"Idgf3;Cht9"
"20","DNA catabolic process (GO:0006308)","2/21",0.0116599028347044,0.225492352087317,0.022025309929724,0.371303395075032,-2.60761189054481,11.6080436090271,"CG33346;CG6839"
"21","negative regulation of protein dephosphorylation (GO:0035308)","1/9",0.0684850194699063,0.268809379681499,0.0961518813934563,0.371303395075032,-4.29838184965837,11.5245645934401,"I-2"
"22","glycoside catabolic process (GO:0016139)","1/7",0.053680589496616,0.268809379681499,0.0776817411224183,0.371303395075032,-3.91716957317763,11.4565607543213,"CG7997"
"23","membrane protein ectodomain proteolysis (GO:0006509)","1/8",0.0611117977919872,0.268809379681499,0.0869629311474347,0.371303395075032,-4.09112907077176,11.4349117066218,"kuz"
"24","proteolysis (GO:0006508)","11/305",3.01341975855114e-05,0.0112400556993957,0.000293575012659922,0.109503479722151,-1.05947480127012,11.0289736526881,"CG17571;CG8329;Ser6;CG10405;CG11912;CG18180;Jon44E;CG4053;epsilonTry;CG18179;Bace"
"25","chitin catabolic process (GO:0006032)","2/18",0.00862671905194778,0.225492352087317,0.0168646734407364,0.371303395075032,-2.30865062166926,10.9727648208706,"Idgf3;Cht9"
"26","glucosamine-containing compound catabolic process (GO:1901072)","2/20",0.0106036167871845,0.225492352087317,0.0202403929759435,0.371303395075032,-2.41299953565036,10.9708474818295,"Idgf3;Cht9"
"27","regulation of locomotor rhythm (GO:1904059)","1/9",0.0684850194699063,0.268809379681499,0.0961518813934563,0.371303395075032,-4.08247352982242,10.945684106494,"per"
"28","regulation of retinal cell programmed cell death (GO:0046668)","1/8",0.0611117977919872,0.268809379681499,0.0869629311474347,0.371303395075032,-3.91563124931899,10.9443864608274,"Dronc"
"29","catecholamine biosynthetic process (GO:0042423)","1/6",0.0461909414929531,0.268809379681499,0.0683073972390649,0.371303395075032,-3.50509451964299,10.778066004024,"ple"
"30","DNA catabolic process, endonucleolytic (GO:0000737)","2/22",0.0127603986204985,0.225492352087317,0.0238730164516508,0.371303395075032,-2.42110773209384,10.5594404757797,"CG33346;CG6839"
"31","behavioral response to starvation (GO:0042595)","1/8",0.0611117977919872,0.268809379681499,0.0869629311474347,0.371303395075032,-3.75451881667645,10.4940691009405,"Arc1"
"32","chitin metabolic process (GO:0006030)","2/23",0.0139043541501563,0.225492352087317,0.025782103257155,0.371303395075032,-2.33482402619806,9.98266442930498,"Idgf3;Cht9"
"33","polyol metabolic process (GO:0019751)","1/10",0.0758007041233247,0.268809379681499,0.105249497082479,0.371303395075032,-3.81793111197859,9.84891720089687,"CG17028"
"34","cellular response to mechanical stimulus (GO:0071260)","1/8",0.0611117977919872,0.268809379681499,0.0869629311474347,0.371303395075032,-3.47031589418488,9.69970762535843,"TotA"
"35","phosphatidylethanolamine metabolic process (GO:0046337)","1/6",0.0461909414929531,0.268809379681499,0.0683073972390649,0.371303395075032,-3.10674451162621,9.55315105378588,"bbc"
"36","regulation of insulin secretion (GO:0050796)","1/8",0.0611117977919872,0.268809379681499,0.0869629311474347,0.371303395075032,-3.37278922896092,9.42711568641313,"daw"
"37","folic acid-containing compound metabolic process (GO:0006760)","1/9",0.0684850194699063,0.268809379681499,0.0961518813934563,0.371303395075032,-3.50343270882895,9.39319445406623,"Nmdmc"
"38","anion transport (GO:0006820)","2/28",0.0202503973112661,0.268809379681499,0.0362003967109478,0.371303395075032,-2.38679460194767,9.30749855918659,"MFS1;MFS12"
"39","cuticle chitin biosynthetic process (GO:0006035)","1/7",0.053680589496616,0.268809379681499,0.0776817411224183,0.371303395075032,-3.17450735993362,9.28449375364089,"mmy"
"40","cellular response to heat (GO:0034605)","3/43",0.00465319651809587,0.21695528765622,0.0108873189178539,0.371303395075032,-1.65032759881261,8.86259071073017,"TotM;TotC;TotA"
"41","nucleotide-sugar biosynthetic process (GO:0009226)","1/8",0.0611117977919872,0.268809379681499,0.0869629311474347,0.371303395075032,-3.16170667513626,8.83712932224838,"mmy"
"42","adult chitin-containing cuticle pigmentation (GO:0048085)","2/26",0.0175896124837871,0.268809379681499,0.0318638713544296,0.371303395075032,-2.16389973213859,8.74312164212107,"Ddc;ple"
"43","nucleic acid phosphodiester bond hydrolysis (GO:0090305)","2/28",0.0202503973112661,0.268809379681499,0.0362003967109478,0.371303395075032,-2.24164658753599,8.7414821395487,"CG33346;CG6839"
"44","response to UV (GO:0009411)","2/28",0.0202503973112661,0.268809379681499,0.0362003967109478,0.371303395075032,-2.21972896348661,8.65601259219261,"TotC;TotA"
"45","positive regulation of retinal cell programmed cell death (GO:0046670)","1/9",0.0684850194699063,0.268809379681499,0.0961518813934563,0.371303395075032,-3.22256481225701,8.64014823121281,"Dronc"
"46","chitin biosynthetic process (GO:0006031)","1/8",0.0611117977919872,0.268809379681499,0.0869629311474347,0.371303395075032,-2.9837744832352,8.33979988850104,"mmy"
"47","regulation of peptide hormone secretion (GO:0090276)","1/9",0.0684850194699063,0.268809379681499,0.0961518813934563,0.371303395075032,-3.07503678776119,8.24460490651265,"daw"
"48","positive regulation of compound eye retinal cell programmed cell death (GO:0046672)","1/10",0.0758007041233247,0.268809379681499,0.105249497082479,0.371303395075032,-3.17523162002726,8.19097893652446,"Dronc"
"49","inositol metabolic process (GO:0006020)","1/10",0.0758007041233247,0.268809379681499,0.105249497082479,0.371303395075032,-3.17426751886712,8.18849189518689,"CG17028"
"50","smoothened signaling pathway (GO:0007224)","2/29",0.0216398544535125,0.268809379681499,0.0384493474438877,0.371303395075032,-2.12890356246238,8.16055262856862,"shf;disp"
"51","oligosaccharide biosynthetic process (GO:0009312)","1/11",0.0830592978932154,0.268809379681499,0.114256674662494,0.371303395075032,-3.27460561980568,8.14787532027454,"CG8668"
"52","apical constriction involved in gastrulation (GO:0003384)","1/12",0.090261243473302,0.268809379681499,0.123174301900396,0.371303395075032,-3.38493892041619,8.14093756166625,"Traf4"
"53","Notch receptor processing (GO:0007220)","1/16",0.118511279055077,0.269540896875267,0.157966763279489,0.371303395075032,-3.76425596120812,8.02820613939839,"kuz"
"54","cuticle chitin metabolic process (GO:0006034)","1/8",0.0611117977919872,0.268809379681499,0.0869629311474347,0.371303395075032,-2.85581580446723,7.9821489397052,"mmy"
"55","positive regulation of pathway-restricted SMAD protein phosphorylation (GO:0010862)","1/9",0.0684850194699063,0.268809379681499,0.0961518813934563,0.371303395075032,-2.96230674672087,7.9423598559261,"daw"
"56","cellular response to oxidative stress (GO:0034599)","2/31",0.0245334507556786,0.268809379681499,0.0431022975015052,0.371303395075032,-2.14192507083325,7.94165361648595,"Prx2540-1;TotA"
"57","hydrogen peroxide catabolic process (GO:0042744)","1/12",0.090261243473302,0.268809379681499,0.123174301900396,0.371303395075032,-3.2643765539016,7.8509793907338,"Prx2540-1"
"58","carbohydrate biosynthetic process (GO:0016051)","1/11",0.0830592978932154,0.268809379681499,0.114256674662494,0.371303395075032,-3.14406181761486,7.82305616719787,"CG8668"
"59","monocarboxylic acid biosynthetic process (GO:0072330)","2/34",0.0291504551228649,0.268809379681499,0.0504509415269532,0.371303395075032,-2.20480802655688,7.79462419996048,"CG3961;CG8834"
"60","oligosaccharide metabolic process (GO:0009311)","2/23",0.0139043541501563,0.225492352087317,0.025782103257155,0.371303395075032,-1.81133681033605,7.74446696759259,"CG8668;CG7997"
"61","epithelial tube formation (GO:0072175)","1/8",0.0611117977919872,0.268809379681499,0.0869629311474347,0.371303395075032,-2.73984359690217,7.65800078133913,"mmy"
"62","defense response to Gram-positive bacterium (GO:0050830)","3/56",0.00970585757958045,0.225492352087317,0.0212495743557478,0.371303395075032,-1.64951238965948,7.64553232109339,"PGRP-SC1b;TotM;AttD"
"63","epithelial cell morphogenesis involved in gastrulation (GO:0003381)","1/12",0.090261243473302,0.268809379681499,0.123174301900396,0.371303395075032,-3.17893611094406,7.64549110048336,"Traf4"
"64","regulation of pathway-restricted SMAD protein phosphorylation (GO:0060393)","1/9",0.0684850194699063,0.268809379681499,0.0961518813934563,0.371303395075032,-2.78643811159505,7.47083137931373,"daw"
"65","ganglion mother cell fate determination (GO:0007402)","1/10",0.0758007041233247,0.268809379681499,0.105249497082479,0.371303395075032,-2.87709814158672,7.4218995954217,"cas"
"66","cellular response to light stimulus (GO:0071482)","2/32",0.0260362357622941,0.268809379681499,0.0455038241256617,0.371303395075032,-2.02132012714718,7.37431355172617,"TotC;TotA"
"67","positive regulation of chemotaxis (GO:0050921)","1/14",0.104496943844014,0.268809379681499,0.140744413463067,0.371303395075032,-3.22238152904556,7.27806271576172,"mmy"
"68","sodium-independent organic anion transport (GO:0043252)","1/9",0.0684850194699063,0.268809379681499,0.0961518813934563,0.371303395075032,-2.64221398831727,7.08414627715625,"Oatp58Da"
"69","membrane protein proteolysis (GO:0033619)","1/12",0.090261243473302,0.268809379681499,0.123174301900396,0.371303395075032,-2.90141408943074,6.97803756520671,"kuz"
"70","entrainment of circadian clock by photoperiod (GO:0043153)","1/12",0.090261243473302,0.268809379681499,0.123174301900396,0.371303395075032,-2.86707724642117,6.89545584022501,"per"
"71","long-chain fatty acid metabolic process (GO:0001676)","1/11",0.0830592978932154,0.268809379681499,0.114256674662494,0.371303395075032,-2.76584431164855,6.88197518208016,"CG3961"
"72","positive regulation of cellular component movement (GO:0051272)","1/15",0.111531567065522,0.269540896875267,0.149398630625641,0.371303395075032,-3.13630508703881,6.87932091450634,"mmy"
"73","positive regulation of apoptotic signaling pathway (GO:2001235)","1/12",0.090261243473302,0.268809379681499,0.123174301900396,0.371303395075032,-2.84628385305883,6.84544674965118,"Dronc"
"74","retinal ganglion cell axon guidance (GO:0031290)","1/13",0.0974069801517027,0.268809379681499,0.13200325795411,0.371303395075032,-2.88333676674462,6.71488018351241,"CdGAPr"
"75","ecdysone biosynthetic process (GO:0006697)","1/14",0.104496943844014,0.268809379681499,0.140744413463067,0.371303395075032,-2.93607132901561,6.6314032270582,"spo"
"76","peptidoglycan metabolic process (GO:0000270)","1/13",0.0974069801517027,0.268809379681499,0.13200325795411,0.371303395075032,-2.83219358736711,6.59577501144762,"PGRP-SC1b"
"77","positive regulation of axon guidance (GO:1902669)","1/16",0.118511279055077,0.269540896875267,0.157966763279489,0.371303395075032,-3.08331195825034,6.57592476388383,"mmy"
"78","tRNA aminoacylation for protein translation (GO:0006418)","2/41",0.0411237236745192,0.268809379681499,0.0691574981324319,0.371303395075032,-2.05259175053667,6.55016943341283,"mRpL39;CysRS"
"79","peptidoglycan catabolic process (GO:0009253)","1/13",0.0974069801517027,0.268809379681499,0.13200325795411,0.371303395075032,-2.80703412036308,6.53718220038175,"PGRP-SC1b"
"80","chitin-based cuticle development (GO:0040003)","6/178",0.00285067864387676,0.21695528765622,0.0102851265779247,0.371303395075032,-1.11517035231363,6.53511928283445,"Cpr49Ae;mmy;Idgf3;Cht9;Pcp;Lcp1"
"81","regulation of microtubule polymerization or depolymerization (GO:0031110)","1/10",0.0758007041233247,0.268809379681499,0.105249497082479,0.371303395075032,-2.50542821320634,6.46312212057497,"futsch"
"82","head involution (GO:0008258)","2/39",0.0375396916368935,0.268809379681499,0.0636049013070241,0.371303395075032,-1.93315564374492,6.34530591951406,"spo;Dronc"
"83","negative regulation of phosphatase activity (GO:0010923)","1/13",0.0974069801517027,0.268809379681499,0.13200325795411,0.371303395075032,-2.71976785214178,6.33395150533191,"CG32812"
"84","pericardial nephrocyte differentiation (GO:0061320)","1/11",0.0830592978932154,0.268809379681499,0.114256674662494,0.371303395075032,-2.53433541476835,6.30593463053854,"kuz"
"85","regulation of epithelial cell migration, open tracheal system (GO:2000274)","1/12",0.090261243473302,0.268809379681499,0.123174301900396,0.371303395075032,-2.59900256538493,6.25072360384205,"ple"
"86","nervous system development (GO:0007399)","7/246",0.0033466796754903,0.21695528765622,0.0133442408442089,0.371303395075032,-1.09174091088626,6.22269017774474,"kuz;spo;cas;Dronc;futsch;mmy;zfh2"
"87","skeletal muscle organ development (GO:0060538)","1/11",0.0830592978932154,0.268809379681499,0.114256674662494,0.371303395075032,-2.49593279329908,6.21038120883463,"kuz"
"88","regulation of protein secretion (GO:0050708)","1/14",0.104496943844014,0.268809379681499,0.140744413463067,0.371303395075032,-2.74447276684992,6.19865920245332,"daw"
"89","regulation of protein modification process (GO:0031399)","1/13",0.0974069801517027,0.268809379681499,0.13200325795411,0.371303395075032,-2.63394009131866,6.13407088889004,"per"
"90","inositol phosphate dephosphorylation (GO:0046855)","1/14",0.104496943844014,0.268809379681499,0.140744413463067,0.371303395075032,-2.69823434448336,6.09422521944155,"CG17028"
"91","glycosaminoglycan catabolic process (GO:0006027)","1/14",0.104496943844014,0.268809379681499,0.140744413463067,0.371303395075032,-2.69504988102915,6.08703279839308,"PGRP-SC1b"
"92","response to light stimulus (GO:0009416)","3/62",0.0127989117375957,0.225492352087317,0.0273594899482199,0.371303395075032,-1.39529575159516,6.08125021169171,"per;TotC;TotA"
"93","activation of cysteine-type endopeptidase activity involved in apoptotic process (GO:0006919)","1/17",0.125436505686972,0.270449807059194,0.166449656990781,0.371303395075032,-2.9090348967758,6.0390272241003,"Dronc"
"94","neuron maturation (GO:0042551)","2/44",0.0467293445622568,0.268809379681499,0.0777715691340081,0.371303395075032,-1.96148089019839,6.00876711269976,"Dronc;SkpA"
"95","sulfate transport (GO:0008272)","1/16",0.118511279055077,0.269540896875267,0.157966763279489,0.371303395075032,-2.73612902300462,5.83547135132167,"CG7912"
"96","regulation of epithelial cell migration (GO:0010632)","1/13",0.0974069801517027,0.268809379681499,0.13200325795411,0.371303395075032,-2.5026549731198,5.82832656906197,"ple"
"97","sulfate transmembrane transport (GO:1902358)","1/10",0.0758007041233247,0.268809379681499,0.105249497082479,0.371303395075032,-2.24572747489508,5.79318570904189,"CG7912"
"98","ecdysone metabolic process (GO:0008205)","1/16",0.118511279055077,0.269540896875267,0.157966763279489,0.371303395075032,-2.71180915491207,5.78360322217689,"spo"
"99","regulation of development, heterochronic (GO:0040034)","1/13",0.0974069801517027,0.268809379681499,0.13200325795411,0.371303395075032,-2.47170837890168,5.75625636392354,"cas"
"100","fatty acid metabolic process (GO:0006631)","2/42",0.0429622424624464,0.268809379681499,0.0719918629747832,0.371303395075032,-1.82882109567277,5.75609302214651,"CG3961;CG8834"
"101","neuron remodeling (GO:0016322)","2/44",0.0467293445622568,0.268809379681499,0.0777715691340081,0.371303395075032,-1.84946103476735,5.66560739768701,"Dronc;SkpA"
"102","anesthesia-resistant memory (GO:0007615)","1/14",0.104496943844014,0.268809379681499,0.140744413463067,0.371303395075032,-2.49820824925645,5.64244679012516,"Ddc"
"103","negative regulation of immune effector process (GO:0002698)","1/14",0.104496943844014,0.268809379681499,0.140744413463067,0.371303395075032,-2.49496845011286,5.63512938802955,"PGRP-SC1b"
"104","photoperiodism (GO:0009648)","1/13",0.0974069801517027,0.268809379681499,0.13200325795411,0.371303395075032,-2.41826634102872,5.63179747822605,"per"
"105","regulation of G-protein coupled receptor protein signaling pathway (GO:0008277)","1/8",0.0611117977919872,0.268809379681499,0.0869629311474347,0.371303395075032,-2.00021786315442,5.5907096216018,"stops"
"106","negative regulation of natural killer cell differentiation (GO:0032824)","1/14",0.104496943844014,0.268809379681499,0.140744413463067,0.371303395075032,-2.47193419155506,5.58310427030726,"PGRP-SC1b"
"107","regulation of neuronal synaptic plasticity (GO:0048168)","1/13",0.0974069801517027,0.268809379681499,0.13200325795411,0.371303395075032,-2.37770709648435,5.53734078118308,"Arc1"
"108","dicarboxylic acid metabolic process (GO:0043648)","1/16",0.118511279055077,0.269540896875267,0.157966763279489,0.371303395075032,-2.59630942502694,5.53727150347383,"Nmdmc"
"109","dopamine metabolic process (GO:0042417)","1/12",0.090261243473302,0.268809379681499,0.123174301900396,0.371303395075032,-2.29704661065641,5.5245053081465,"ple"
"110","lipid modification (GO:0030258)","1/15",0.111531567065522,0.269540896875267,0.149398630625641,0.371303395075032,-2.51642651554448,5.51964973999013,"frj"
"111","regulation of natural killer cell differentiation involved in immune response (GO:0032826)","1/14",0.104496943844014,0.268809379681499,0.140744413463067,0.371303395075032,-2.43859195640821,5.50779758291002,"PGRP-SC1b"
"112","skeletal muscle tissue development (GO:0007519)","1/13",0.0974069801517027,0.268809379681499,0.13200325795411,0.371303395075032,-2.3610908925359,5.49864401155647,"kuz"
"113","negative regulation of neuromuscular junction development (GO:1904397)","2/45",0.0486567731195015,0.268809379681499,0.0807148969423619,0.371303395075032,-1.81795992214081,5.49562786833266,"spict;SkpA"
"114","central nervous system development (GO:0007417)","5/170",0.0110745063786388,0.225492352087317,0.0310721174643771,0.371303395075032,-1.21979364657438,5.49286440040414,"kuz;spo;cas;Dronc;mmy"
"115","negative regulation of hydrolase activity (GO:0051346)","1/15",0.111531567065522,0.269540896875267,0.149398630625641,0.371303395075032,-2.48972044338185,5.46107136968681,"CG32812"
"116","stem cell fate determination (GO:0048867)","2/32",0.0260362357622941,0.268809379681499,0.0455038241256617,0.371303395075032,-1.49615911969028,5.45838648895389,"kuz;cas"
"117","regulation of supramolecular fiber organization (GO:1902903)","1/13",0.0974069801517027,0.268809379681499,0.13200325795411,0.371303395075032,-2.33898366409523,5.4471594288741,"futsch"
"118","cuticle development involved in chitin-based cuticle molting cycle (GO:0042337)","1/16",0.118511279055077,0.269540896875267,0.157966763279489,0.371303395075032,-2.51683099424294,5.36776410744513,"Lcp1"
"119","regulation of signal transduction (GO:0009966)","4/102",0.00856648914622992,0.225492352087317,0.0217164726251382,0.371303395075032,-1.12544781646913,5.35701602086945,"shf;kuz;SKIP;stops"
"120","regulation of smoothened signaling pathway (GO:0008589)","2/40",0.0393160082346914,0.268809379681499,0.0663614949624603,0.371303395075032,-1.63640117096511,5.29559629923536,"shf;Pp4-19C"
"121","transforming growth factor beta receptor signaling pathway (GO:0007179)","1/17",0.125436505686972,0.270449807059194,0.166449656990781,0.371303395075032,-2.50725433163304,5.20494861827101,"daw"
"122","regulation of microtubule depolymerization (GO:0031114)","1/16",0.118511279055077,0.269540896875267,0.157966763279489,0.371303395075032,-2.415847088744,5.15239097170151,"futsch"
"123","cardiocyte differentiation (GO:0035051)","1/13",0.0974069801517027,0.268809379681499,0.13200325795411,0.371303395075032,-2.20671164891856,5.1391167667102,"kuz"
"124","negative regulation of BMP signaling pathway (GO:0030514)","1/17",0.125436505686972,0.270449807059194,0.166449656990781,0.371303395075032,-2.47491376617378,5.13781104097079,"spict"
"125","regulation of rhodopsin mediated signaling pathway (GO:0022400)","1/17",0.125436505686972,0.270449807059194,0.166449656990781,0.371303395075032,-2.46042410285144,5.10773114355581,"stops"
"126","neuron projection fasciculation (GO:0106030)","1/17",0.125436505686972,0.270449807059194,0.166449656990781,0.371303395075032,-2.45427664945414,5.09496930337771,"mmy"
"127","lipid biosynthetic process (GO:0008610)","2/46",0.0506126953554858,0.268809379681499,0.0836925589629108,0.371303395075032,-1.70464244497462,5.08589080414596,"CG3961;CG8834"
"128","negative regulation of synaptic growth at neuromuscular junction (GO:0045886)","2/45",0.0486567731195015,0.268809379681499,0.0807148969423619,0.371303395075032,-1.6685372224424,5.04392838770987,"spict;SkpA"
"129","secondary alcohol biosynthetic process (GO:1902653)","1/19",0.13912519017164,0.274569819756729,0.183163068884198,0.371303395075032,-2.54424002050759,5.01821093661056,"spo"
"130","tyrosine metabolic process (GO:0006570)","1/8",0.0611117977919872,0.268809379681499,0.0869629311474347,0.371303395075032,-1.78185367454033,4.98037072163177,"Ddc"
"131","imaginal disc fusion, thorax closure (GO:0046529)","1/19",0.13912519017164,0.274569819756729,0.183163068884198,0.371303395075032,-2.51907474512916,4.96857542301555,"Traf4"
"132","UDP-N-acetylglucosamine metabolic process (GO:0006047)","1/7",0.053680589496616,0.268809379681499,0.0776817411224183,0.371303395075032,-1.6967467138665,4.96248156965483,"mmy"
"133","inositol phosphate catabolic process (GO:0071545)","1/14",0.104496943844014,0.268809379681499,0.140744413463067,0.371303395075032,-2.17145710996955,4.90444749899808,"CG17028"
"134","negative regulation of insulin receptor signaling pathway (GO:0046627)","1/23",0.165867113508501,0.287760155063586,0.215603329332305,0.375794588041822,-2.69469122067255,4.84119691224373,"SkpA"
"135","positive regulation of mitotic cell cycle (GO:0045931)","1/19",0.13912519017164,0.274569819756729,0.183163068884198,0.371303395075032,-2.4272726850952,4.78750677463627,"SkpA"
"136","cellular response to transforming growth factor beta stimulus (GO:0071560)","1/19",0.13912519017164,0.274569819756729,0.183163068884198,0.371303395075032,-2.41208271992661,4.75754637439048,"daw"
"137","phosphorylated carbohydrate dephosphorylation (GO:0046838)","1/14",0.104496943844014,0.268809379681499,0.140744413463067,0.371303395075032,-2.0956216232742,4.73316566186175,"CG17028"
"138","negative regulation of cellular response to insulin stimulus (GO:1900077)","1/23",0.165867113508501,0.287760155063586,0.215603329332305,0.375794588041822,-2.63103808860602,4.72683971092468,"SkpA"
"139","deactivation of rhodopsin mediated signaling (GO:0016059)","1/18",0.132307669609077,0.274569819756729,0.174848149109593,0.371303395075032,-2.32793409822684,4.70853825992948,"stops"
"140","axonal fasciculation (GO:0007413)","1/21",0.15260096254485,0.284600795146144,0.199545468191939,0.375794588041822,-2.50453747437588,4.70835226029257,"mmy"
"141","regulation of circadian sleep/wake cycle (GO:0042749)","1/19",0.13912519017164,0.274569819756729,0.183163068884198,0.371303395075032,-2.37968694737312,4.6936495648059,"per"
"142","synaptic target recognition (GO:0008039)","2/47",0.0525965515561988,0.268809379681499,0.0867035882275822,0.371303395075032,-1.59037719507853,4.68382738564411,"shf;CG8668"
"143","regulation of axon extension (GO:0030516)","1/16",0.118511279055077,0.269540896875267,0.157966763279489,0.371303395075032,-2.19158557139424,4.67409786172917,"kuz"
"144","catecholamine metabolic process (GO:0006584)","1/10",0.0758007041233247,0.268809379681499,0.105249497082479,0.371303395075032,-1.80215813783326,4.64893309016356,"ple"
"145","positive regulation of smoothened signaling pathway (GO:0045880)","1/17",0.125436505686972,0.270449807059194,0.166449656990781,0.371303395075032,-2.23652240281896,4.64292116017709,"shf"
"146","regulation of compound eye retinal cell programmed cell death (GO:0046669)","1/19",0.13912519017164,0.274569819756729,0.183163068884198,0.371303395075032,-2.34123816519074,4.61781391341618,"Dronc"
"147","imaginal disc fusion (GO:0046528)","1/19",0.13912519017164,0.274569819756729,0.183163068884198,0.371303395075032,-2.32392636003122,4.5836684360698,"Traf4"
"148","nephrocyte differentiation (GO:0061319)","1/14",0.104496943844014,0.268809379681499,0.140744413463067,0.371303395075032,-2.02837405849617,4.58128048329888,"kuz"
"149","striated muscle tissue development (GO:0014706)","1/16",0.118511279055077,0.269540896875267,0.157966763279489,0.371303395075032,-2.12005374055958,4.5215385540234,"kuz"
"150","hydrogen peroxide metabolic process (GO:0042743)","1/13",0.0974069801517027,0.268809379681499,0.13200325795411,0.371303395075032,-1.92565611737215,4.48457851054308,"Prx2540-1"
"151","regulation of JNK cascade (GO:0046328)","2/49",0.0566458615900869,0.268809379681499,0.0928219580522184,0.371303395075032,-1.55768116707235,4.4720034786908,"Traf4;SkpA"
"152","male courtship behavior, veined wing generated song production (GO:0045433)","1/23",0.165867113508501,0.287760155063586,0.215603329332305,0.375794588041822,-2.48114943654332,4.45755450526568,"per"
"153","DNA endoreduplication (GO:0042023)","1/19",0.13912519017164,0.274569819756729,0.183163068884198,0.371303395075032,-2.23857889301129,4.41533070497556,"SkpA"
"154","regulation of neuron differentiation (GO:0045664)","1/16",0.118511279055077,0.269540896875267,0.157966763279489,0.371303395075032,-2.05633337711893,4.38563913106951,"cas"
"155","defense response to bacterium (GO:0042742)","5/216",0.0279830806064532,0.268809379681499,0.0711068767469867,0.371303395075032,-1.22206531700146,4.37029525708045,"PGRP-SC1b;TotM;Traf4;Tep2;AttD"
"156","negative regulation of synapse assembly (GO:0051964)","2/45",0.0486567731195015,0.268809379681499,0.0807148969423619,0.371303395075032,-1.43773458262185,4.34622025672482,"spict;SkpA"
"157","defense response to fungus (GO:0050832)","2/52",0.0629157331766005,0.268809379681499,0.102226474878964,0.371303395075032,-1.56409572446363,4.32622467184216,"Drsl2;Drsl3"
"158","axo-dendritic transport (GO:0008088)","1/18",0.132307669609077,0.274569819756729,0.174848149109593,0.371303395075032,-2.13362664323844,4.31552709750039,"futsch"
"159","asymmetric protein localization involved in cell fate determination (GO:0045167)","1/19",0.13912519017164,0.274569819756729,0.183163068884198,0.371303395075032,-2.17944247408275,4.29869114981283,"Traf4"
"160","negative regulation of neuron apoptotic process (GO:0043524)","1/20",0.14588948350149,0.280498852299256,0.191395237500788,0.375739071514705,-2.22377480023464,4.28055724710377,"futsch"
"161","negative regulation of cellular response to growth factor stimulus (GO:0090288)","1/20",0.14588948350149,0.280498852299256,0.191395237500788,0.375739071514705,-2.16849220484143,4.17414345271948,"spict"
"162","histone H4 acetylation (GO:0043967)","1/22",0.159260037014097,0.285596124068549,0.207614566298283,0.375794588041822,-2.26949632058725,4.16955713025008,"Gcn5"
"163","ecdysteroid biosynthetic process (GO:0045456)","1/20",0.14588948350149,0.280498852299256,0.191395237500788,0.375739071514705,-2.13630265875344,4.11218160533575,"spo"
"164","negative regulation of protein modification process (GO:0031400)","1/19",0.13912519017164,0.274569819756729,0.183163068884198,0.371303395075032,-2.07956878395751,4.10170217077534,"I-2"
"165","positive regulation of axonogenesis (GO:0050772)","1/17",0.125436505686972,0.270449807059194,0.166449656990781,0.371303395075032,-1.96315558910894,4.07542379808285,"mmy"
"166","male courtship behavior, veined wing vibration (GO:0016545)","1/24",0.172422595472811,0.2910118919066,0.223512547083199,0.378955363918332,-2.31501017509193,4.06934077858366,"per"
"167","negative regulation of natural killer cell differentiation involved in immune response (GO:0032827)","1/14",0.104496943844014,0.268809379681499,0.140744413463067,0.371303395075032,-1.80136696017328,4.06856282909659,"PGRP-SC1b"
"168","melanin biosynthetic process (GO:0042438)","1/16",0.118511279055077,0.269540896875267,0.157966763279489,0.371303395075032,-1.88263922346332,4.01519342144566,"yellow-g"
"169","neuroblast development (GO:0014019)","1/21",0.15260096254485,0.284600795146144,0.199545468191939,0.375794588041822,-2.12721053707621,3.99900446403056,"cas"
"170","positive regulation of JNK cascade (GO:0046330)","1/20",0.14588948350149,0.280498852299256,0.191395237500788,0.375739071514705,-2.06114921820508,3.96751830375049,"Traf4"
"171","imaginal disc development (GO:0007444)","4/140",0.024631062882962,0.268809379681499,0.056620642919536,0.371303395075032,-1.0711587858856,3.96730104739549,"Ddc;ple;Idgf3;zfh2"
"172","regulation of neuron death (GO:1901214)","1/21",0.15260096254485,0.284600795146144,0.199545468191939,0.375794588041822,-2.10109997497689,3.94991846498457,"futsch"
"173","embryo development ending in birth or egg hatching (GO:0009792)","2/57",0.0738532075519672,0.268809379681499,0.118447187619425,0.371303395075032,-1.50558431427283,3.92306466918615,"spo;Dronc"
"174","axon development (GO:0061564)","2/66",0.0949016814244691,0.268809379681499,0.149075171461629,0.371303395075032,-1.66159382249092,3.91291031507607,"futsch;mmy"
"175","chaperone mediated protein folding requiring cofactor (GO:0051085)","1/22",0.159260037014097,0.285596124068549,0.207614566298283,0.375794588041822,-2.11590914273512,3.88738416230156,"CG5001"
"176","heart morphogenesis (GO:0003007)","1/19",0.13912519017164,0.274569819756729,0.183163068884198,0.371303395075032,-1.96820899522254,3.88205822789884,"kuz"
"177","response to metal ion (GO:0010038)","1/21",0.15260096254485,0.284600795146144,0.199545468191939,0.375794588041822,-2.06034396532002,3.87330006651712,"TotA"
"178","regulation of synaptic growth at neuromuscular junction (GO:0008582)","3/110",0.0557829640922336,0.268809379681499,0.104721755152006,0.371303395075032,-1.33037026642879,3.83983008484794,"spict;futsch;SkpA"
"179","protein oligomerization (GO:0051259)","1/20",0.14588948350149,0.280498852299256,0.191395237500788,0.375739071514705,-1.99325174881608,3.83682206390532,"Dronc"
"180","negative regulation of smoothened signaling pathway (GO:0045879)","1/22",0.159260037014097,0.285596124068549,0.207614566298283,0.375794588041822,-2.07115119275163,3.80515409750871,"Pp4-19C"
"181","phenol-containing compound biosynthetic process (GO:0046189)","1/19",0.13912519017164,0.274569819756729,0.183163068884198,0.371303395075032,-1.90278620321172,3.75301954926554,"yellow-g"
"182","regulation of protein phosphorylation (GO:0001932)","2/49",0.0566458615900869,0.268809379681499,0.0928219580522184,0.371303395075032,-1.30235209475151,3.73896996466575,"daw;per"
"183","regulation of phosphorylation (GO:0042325)","1/23",0.165867113508501,0.287760155063586,0.215603329332305,0.375794588041822,-2.07381864103635,3.72575689730897,"per"
"184","sterol biosynthetic process (GO:0016126)","1/23",0.165867113508501,0.287760155063586,0.215603329332305,0.375794588041822,-2.07108399178289,3.7208439130604,"spo"
"185","positive regulation of stress-activated MAPK cascade (GO:0032874)","1/22",0.159260037014097,0.285596124068549,0.207614566298283,0.375794588041822,-2.01662454078307,3.70497680775423,"Traf4"
"186","'de novo' posttranslational protein folding (GO:0051084)","1/22",0.159260037014097,0.285596124068549,0.207614566298283,0.375794588041822,-1.97701116374544,3.63219843962814,"CG5001"
"187","chitin-based embryonic cuticle biosynthetic process (GO:0008362)","1/21",0.15260096254485,0.284600795146144,0.199545468191939,0.375794588041822,-1.92837031843494,3.6251989999658,"mmy"
"188","fatty acid biosynthetic process (GO:0006633)","2/57",0.0738532075519672,0.268809379681499,0.118447187619425,0.371303395075032,-1.38826803227231,3.61737646781909,"CG3961;CG8834"
"189","negative regulation of cellular catabolic process (GO:0031330)","1/24",0.172422595472811,0.2910118919066,0.223512547083199,0.378955363918332,-2.05045265699363,3.60429975705313,"daw"
"190","positive regulation of cysteine-type endopeptidase activity involved in apoptotic process (GO:0043280)","1/26",0.185380374068155,0.294242040542221,0.239095467619202,0.38275798035177,-2.12470655421333,3.5808646059361,"Dronc"
"191","glycerophospholipid biosynthetic process (GO:0046474)","1/14",0.104496943844014,0.268809379681499,0.140744413463067,0.371303395075032,-1.56457747148018,3.53375069291481,"bbc"
"192","wound healing (GO:0042060)","2/61",0.0830062174788724,0.268809379681499,0.131855764458948,0.371303395075032,-1.4101494110944,3.50963592836902,"Idgf3;Cht9"
"193","cell-cell junction organization (GO:0045216)","1/24",0.172422595472811,0.2910118919066,0.223512547083199,0.378955363918332,-1.96723138431233,3.45801283261048,"Traf4"
"194","regulation of protein dephosphorylation (GO:0035304)","1/14",0.104496943844014,0.268809379681499,0.140744413463067,0.371303395075032,-1.51990868673017,3.43286188942676,"I-2"
"195","negative regulation of JNK cascade (GO:0046329)","1/26",0.185380374068155,0.294242040542221,0.239095467619202,0.38275798035177,-2.00685037390713,3.38223622414267,"SkpA"
"196","negative regulation of autophagy (GO:0010507)","1/24",0.172422595472811,0.2910118919066,0.223512547083199,0.378955363918332,-1.91150178723473,3.36005096427749,"daw"
"197","regulation of axon guidance (GO:1902667)","1/23",0.165867113508501,0.287760155063586,0.215603329332305,0.375794588041822,-1.8654420691438,3.35139414706466,"mmy"
"198","regulation of tube size (GO:0035150)","1/24",0.172422595472811,0.2910118919066,0.223512547083199,0.378955363918332,-1.89501025669297,3.33106203867495,"mmy"
"199","antibacterial humoral response (GO:0019731)","1/29",0.204439991641095,0.309984214968001,0.26189256647974,0.403660856598938,-2.09607695920201,3.32748189864531,"AttD"
"200","embryonic development via the syncytial blastoderm (GO:0001700)","4/166",0.0420305021548658,0.268809379681499,0.0914304964153824,0.371303395075032,-1.04848359851444,3.32302164489648,"spo;Traf4;Dronc;mmy"
"201","wing disc development (GO:0035220)","3/103",0.0475271631235761,0.268809379681499,0.0905848800264864,0.371303395075032,-1.08441813485482,3.30362983030152,"Ddc;ple;zfh2"
"202","negative regulation of stress-activated MAPK cascade (GO:0032873)","1/23",0.165867113508501,0.287760155063586,0.215603329332305,0.375794588041822,-1.83040057241813,3.2884397037328,"SkpA"
"203","positive regulation of protein modification process (GO:0031401)","1/25",0.178926883237051,0.294007609900529,0.231343001673251,0.38275798035177,-1.90019658143716,3.26981653025655,"mmy"
"204","regulation of neuron apoptotic process (GO:0043523)","1/22",0.159260037014097,0.285596124068549,0.207614566298283,0.375794588041822,-1.77613237190433,3.2631405164056,"futsch"
"205","transport along microtubule (GO:0010970)","1/24",0.172422595472811,0.2910118919066,0.223512547083199,0.378955363918332,-1.8533473568307,3.25782670727653,"futsch"
"206","protein O-linked glycosylation (GO:0006493)","1/30",0.210694206309803,0.31186086886332,0.269340673776191,0.404762856979842,-2.08290623352739,3.24380872364792,"CG8668"
"207","neuroblast differentiation (GO:0014016)","1/25",0.178926883237051,0.294007609900529,0.231343001673251,0.38275798035177,-1.8747057617079,3.22595248769656,"cas"
"208","glial cell differentiation (GO:0010001)","1/26",0.185380374068155,0.294242040542221,0.239095467619202,0.38275798035177,-1.90222768706256,3.20591085085443,"cas"
"209","courtship behavior (GO:0007619)","3/109",0.0545641483156022,0.268809379681499,0.102650741172406,0.371303395075032,-1.09998684894866,3.19917781154425,"Ddc;ple;per"
"210","negative regulation of transmembrane receptor protein serine/threonine kinase signaling pathway (GO:0090101)","1/25",0.178926883237051,0.294007609900529,0.231343001673251,0.38275798035177,-1.85706493314697,3.19559653747569,"spict"
"211","dorsal closure (GO:0007391)","3/107",0.0521656688671471,0.268809379681499,0.09855938106504,0.371303395075032,-1.07566383409989,3.17679100799229,"spo;Traf4;mmy"
"212","protein N-linked glycosylation (GO:0006487)","1/27",0.191783462145794,0.298180377465007,0.246770711925528,0.388377533958743,-1.89292018375936,3.12594632895458,"CG8668"
"213","positive regulation of proteasomal ubiquitin-dependent protein catabolic process (GO:0032436)","1/26",0.185380374068155,0.294242040542221,0.239095467619202,0.38275798035177,-1.85358693221851,3.12393437411147,"SkpA"
"214","regulation of programmed cell death (GO:0043067)","2/63",0.0877065776392187,0.268809379681499,0.13868680362769,0.371303395075032,-1.27848913466892,3.11153364629934,"Dronc;daw"
"215","regulation of phosphoprotein phosphatase activity (GO:0043666)","1/22",0.159260037014097,0.285596124068549,0.207614566298283,0.375794588041822,-1.67656823906629,3.08021960297377,"I-2"
"216","neurogenesis (GO:0022008)","1/26",0.185380374068155,0.294242040542221,0.239095467619202,0.38275798035177,-1.80772250898524,3.04663697532385,"cas"
"217","negative regulation of developmental growth (GO:0048640)","2/69",0.102259737608776,0.268809379681499,0.159616857013859,0.371303395075032,-1.32190531918988,3.01426040054843,"spict;SkpA"
"218","pole cell migration (GO:0007280)","1/26",0.185380374068155,0.294242040542221,0.239095467619202,0.38275798035177,-1.78145156478677,3.0023613580353,"disp"
"219","regulation of intracellular signal transduction (GO:1902531)","1/25",0.178926883237051,0.294007609900529,0.231343001673251,0.38275798035177,-1.73291906037358,2.9819690470765,"daw"
"220","transmembrane receptor protein serine/threonine kinase signaling pathway (GO:0007178)","1/27",0.191783462145794,0.298180377465007,0.246770711925528,0.388377533958743,-1.79915184202293,2.97109838230687,"daw"
"221","morphogenesis of embryonic epithelium (GO:0016331)","3/114",0.0607871085256036,0.268809379681499,0.113170007869523,0.371303395075032,-1.0574402632146,2.96123196650922,"spo;Traf4;mmy"
"222","regulation of autophagy (GO:0010506)","2/72",0.109769321505683,0.269540896875267,0.170293775873221,0.371303395075032,-1.32414679377859,2.9255357530656,"Dronc;daw"
"223","positive regulation of axon extension (GO:0045773)","1/15",0.111531567065522,0.269540896875267,0.149398630625641,0.371303395075032,-1.33199112327184,2.92165275314855,"spict"
"224","regulation of insulin receptor signaling pathway (GO:0046626)","1/35",0.241239978041414,0.33450747884553,0.305482302944099,0.429980750936412,-2.05004402582953,2.91508692002172,"SkpA"
"225","ion transport (GO:0006811)","2/68",0.0997896607863543,0.268809379681499,0.156087062119337,0.371303395075032,-1.26394611075939,2.91300484723174,"MFS1;MFS12"
"226","apical constriction (GO:0003383)","1/25",0.178926883237051,0.294007609900529,0.231343001673251,0.38275798035177,-1.69163763986154,2.910932885607,"Traf4"
"227","positive regulation of proteasomal protein catabolic process (GO:1901800)","1/27",0.191783462145794,0.298180377465007,0.246770711925528,0.388377533958743,-1.75159723318015,2.89256725552596,"SkpA"
"228","defense response to Gram-negative bacterium (GO:0050829)","3/122",0.0713985689035788,0.268809379681499,0.130812120187785,0.371303395075032,-1.08962390121568,2.87603771973174,"Traf4;Tep2;AttD"
"229","protein stabilization (GO:0050821)","1/31",0.216899564808378,0.313579603385756,0.276714553699356,0.404762856979842,-1.87846899205676,2.87090335963842,"shf"
"230","adherens junction organization (GO:0034332)","1/28",0.198136538633717,0.305392268224697,0.254369494153887,0.396986700081171,-1.73723033772416,2.81222655434425,"Traf4"
"231","regulation of axonogenesis (GO:0050770)","1/29",0.204439991641095,0.309984214968001,0.26189256647974,0.403660856598938,-1.75784133939566,2.79053935107244,"kuz"
"232","regulation of cell development (GO:0060284)","1/33",0.229165227347299,0.326254312215811,0.291242546170204,0.421059960160799,-1.89349088793813,2.78970288267915,"Dronc"
"233","negative regulation of neuron death (GO:1901215)","1/30",0.210694206309803,0.31186086886332,0.269340673776191,0.404762856979842,-1.77894625843999,2.77043742975221,"futsch"
"234","transmembrane transport (GO:0055085)","2/75",0.117419447253129,0.269540896875267,0.181088762240869,0.371303395075032,-1.28123966857057,2.74441887528203,"CG31792;Ent3"
"235","neuroblast fate determination (GO:0007400)","1/27",0.191783462145794,0.298180377465007,0.246770711925528,0.388377533958743,-1.64115423288291,2.71018297207866,"kuz"
"236","mRNA transport (GO:0051028)","1/33",0.229165227347299,0.326254312215811,0.291242546170204,0.421059960160799,-1.83732805379904,2.70695750413241,"Arc1"
"237","larval chitin-based cuticle development (GO:0008363)","1/29",0.204439991641095,0.309984214968001,0.26189256647974,0.403660856598938,-1.70480906247758,2.7063516304288,"Lcp1"
"238","small GTPase mediated signal transduction (GO:0007264)","1/28",0.198136538633717,0.305392268224697,0.254369494153887,0.396986700081171,-1.66338634619556,2.69268798231613,"CdGAPr"
"239","long-term memory (GO:0007616)","2/74",0.114854450079018,0.269540896875267,0.177478337797965,0.371303395075032,-1.23415689138156,2.67082609799696,"Ddc;per"
"240","organic substance transport (GO:0071702)","1/31",0.216899564808378,0.313579603385756,0.276714553699356,0.404762856979842,-1.73768186495685,2.65573545540678,"Oatp58Da"
"241","extracellular matrix organization (GO:0030198)","1/35",0.241239978041414,0.33450747884553,0.305482302944099,0.429980750936412,-1.86575652920461,2.65303690345319,"mmy"
"242","positive regulation of transmembrane receptor protein serine/threonine kinase signaling pathway (GO:0090100)","1/26",0.185380374068155,0.294242040542221,0.239095467619202,0.38275798035177,-1.57211853475321,2.64956288023418,"daw"
"243","glial cell migration (GO:0008347)","1/30",0.210694206309803,0.31186086886332,0.269340673776191,0.404762856979842,-1.62629459359986,2.53270574787558,"kuz"
"244","glycoprotein biosynthetic process (GO:0009101)","1/31",0.216899564808378,0.313579603385756,0.276714553699356,0.404762856979842,-1.63964477789182,2.50590332944979,"CG8668"
"245","divalent metal ion transport (GO:0070838)","1/36",0.247206685958595,0.339000345082927,0.312495862114953,0.433276083351275,-1.75633178304738,2.45452724723347,"spict"
"246","DNA packaging (GO:0006323)","1/36",0.247206685958595,0.339000345082927,0.312495862114953,0.433276083351275,-1.74507532727697,2.43879600689354,"SkpA"
"247","midgut development (GO:0007494)","1/31",0.216899564808378,0.313579603385756,0.276714553699356,0.404762856979842,-1.55933212446264,2.38315982528427,"spo"
"248","positive regulation of cell cycle (GO:0045787)","1/34",0.235226281065041,0.33109208617834,0.298398098456157,0.426446324613588,-1.62969333827276,2.35850414476451,"SkpA"
"249","inorganic anion transmembrane transport (GO:0098661)","1/37",0.25312676961255,0.340853014676828,0.31943947163968,0.433276083351275,-1.69963665971577,2.33507106469741,"CG7912"
"250","organic anion transport (GO:0015711)","1/30",0.210694206309803,0.31186086886332,0.269340673776191,0.404762856979842,-1.4900674710502,2.32055278514921,"Oatp58Da"
"251","histone H3 acetylation (GO:0043966)","1/32",0.223056446410646,0.32000020965835,0.284014936697553,0.413818638235106,-1.54245941664093,2.31419877921073,"Gcn5"
"252","regulation of cellular catabolic process (GO:0031329)","1/37",0.25312676961255,0.340853014676828,0.31943947163968,0.433276083351275,-1.68339221567793,2.31275339402467,"Dronc"
"253","negative regulation of cell death (GO:0060548)","1/30",0.210694206309803,0.31186086886332,0.269340673776191,0.404762856979842,-1.46945243653858,2.28844801359939,"futsch"
"254","sensory perception of pain (GO:0019233)","2/83",0.138427857107308,0.274569819756729,0.210331429073997,0.375794588041822,-1.14956191701798,2.27315060492504,"CG7778;CG11878"
"255","regulation of circadian sleep/wake cycle, sleep (GO:0045187)","1/34",0.235226281065041,0.33109208617834,0.298398098456157,0.426446324613588,-1.56651742810208,2.26707550448749,"per"
"256","neuroblast fate commitment (GO:0014017)","1/31",0.216899564808378,0.313579603385756,0.276714553699356,0.404762856979842,-1.46768196840115,2.2430889792597,"kuz"
"257","regulation of cell death (GO:0010941)","1/37",0.25312676961255,0.340853014676828,0.31943947163968,0.433276083351275,-1.61632474756541,2.22061175700076,"Dronc"
"258","positive regulation of programmed cell death (GO:0043068)","1/37",0.25312676961255,0.340853014676828,0.31943947163968,0.433276083351275,-1.58424388545094,2.1765369881813,"Traf4"
"259","ventral cord development (GO:0007419)","2/83",0.138427857107308,0.274569819756729,0.210331429073997,0.375794588041822,-1.09963409100563,2.1744230233808,"kuz;cas"
"260","negative regulation of canonical Wnt signaling pathway (GO:0090090)","1/35",0.241239978041414,0.33450747884553,0.305482302944099,0.429980750936412,-1.49998955630057,2.13292977157974,"SkpA"
"261","regulation of BMP signaling pathway (GO:0030510)","1/42",0.282040397229258,0.367835902680116,0.353132152840844,0.467086145424237,-1.66035652896633,2.10152150357445,"spict"
"262","regulation of apoptotic process (GO:0042981)","3/152",0.117679744182368,0.269540896875267,0.204163487843861,0.375794588041822,-0.981226540315118,2.0996171457115,"Traf4;daw;SkpA"
"263","regulation of organ morphogenesis (GO:2000027)","1/40",0.270610881276547,0.359209461623317,0.33985745785912,0.452738684933756,-1.60155016204644,2.09334353932506,"Dronc"
"264","regulation of cell communication (GO:0010646)","1/38",0.259000591056126,0.347507987280342,0.326313820409689,0.439404530732181,-1.54172222636552,2.0827509987727,"SKIP"
"265","regulation of developmental growth (GO:0048638)","2/76",0.119998883355876,0.270449807059194,0.184710488928643,0.372416283083155,-0.959325391685633,2.03403157425897,"kuz;futsch"
"266","glial cell development (GO:0021782)","1/36",0.247206685958595,0.339000345082927,0.312495862114953,0.433276083351275,-1.42935667888641,1.99756956413695,"cas"
"267","embryonic organ development (GO:0048568)","1/31",0.216899564808378,0.313579603385756,0.276714553699356,0.404762856979842,-1.29450521421431,1.97841933205838,"spo"
"268","eye development (GO:0001654)","3/140",0.098022416070013,0.268809379681499,0.173654838026752,0.371303395075032,-0.838472523589863,1.94740198226701,"Traf4;Dronc;futsch"
"269","asymmetric protein localization (GO:0008105)","1/37",0.25312676961255,0.340853014676828,0.31943947163968,0.433276083351275,-1.40620222776433,1.93193181283501,"Traf4"
"270","protein processing (GO:0016485)","1/46",0.304368251026584,0.384845280111579,0.378895710225864,0.485663573588478,-1.61039905189451,1.91559698235755,"Dronc"
"271","olfactory learning (GO:0008355)","1/40",0.270610881276547,0.359209461623317,0.33985745785912,0.452738684933756,-1.44146562257552,1.88410130365318,"futsch"
"272","positive regulation of cell death (GO:0010942)","1/21",0.15260096254485,0.284600795146144,0.199545468191939,0.375794588041822,-0.996125876635448,1.87264577622709,"Dronc"
"273","negative regulation of Wnt signaling pathway (GO:0030178)","1/40",0.270610881276547,0.359209461623317,0.33985745785912,0.452738684933756,-1.42465810270645,1.86213264231256,"SkpA"
"274","protein deubiquitination (GO:0016579)","1/43",0.287688240598433,0.370026599114536,0.359670299119196,0.469080495005105,-1.49036076757673,1.85680751815237,"Uch"
"275","stem cell development (GO:0048864)","1/22",0.159260037014097,0.285596124068549,0.207614566298283,0.375794588041822,-0.993496755900676,1.82526908938724,"cas"
"276","positive regulation of apoptotic process (GO:0043065)","1/45",0.298851825896684,0.381752503628298,0.372551437598231,0.480836284512596,-1.45303561355428,1.75498715777814,"Traf4"
"277","regulation of neurogenesis (GO:0050767)","1/45",0.298851825896684,0.381752503628298,0.372551437598231,0.480836284512596,-1.44054191122143,1.73989717172224,"cas"
"278","axon guidance (GO:0007411)","4/242",0.123345854377718,0.270449807059194,0.234262228809625,0.38275798035177,-0.810854462887182,1.6969262549524,"kuz;side;CdGAPr;daw"
"279","regulation of mitotic cell cycle (GO:0007346)","2/100",0.185318303899847,0.294242040542221,0.273654105735507,0.404762856979842,-0.993566115171086,1.67483489738975,"Pp4-19C;SkpA"
"280","RNA transport (GO:0050658)","1/52",0.336572764015936,0.40760273044787,0.41565255529349,0.509994747119973,-1.5052866039613,1.63916817258427,"Arc1"
"281","regulation of proteasomal ubiquitin-dependent protein catabolic process (GO:0032434)","1/30",0.210694206309803,0.31186086886332,0.269340673776191,0.404762856979842,-1.02492767059338,1.59616850027312,"SkpA"
"282","chromosome condensation (GO:0030261)","1/53",0.341794243679911,0.412586578940475,0.421566254921824,0.515554797002755,-1.45299434253397,1.55985677246968,"SkpA"
"283","regulation of multicellular organismal development (GO:2000026)","1/48",0.315272054374881,0.390685967713722,0.39139481667341,0.489900223554302,-1.34811613746179,1.55615654111718,"ple"
"284","negative regulation of immune response (GO:0050777)","1/43",0.287688240598433,0.370026599114536,0.359670299119196,0.469080495005105,-1.23889654220918,1.543513801378,"PGRP-SC1b"
"285","regulation of tube size, open tracheal system (GO:0035151)","1/47",0.309841548840936,0.385236325725564,0.385176628334242,0.487019940232787,-1.28584461100723,1.50661673061329,"mmy"
"286","melanization defense response (GO:0035006)","1/43",0.287688240598433,0.370026599114536,0.359670299119196,0.469080495005105,-1.20656080423632,1.50322742060414,"Dronc"
"287","regulation of neuromuscular junction development (GO:1904396)","1/42",0.282040397229258,0.367835902680116,0.353132152840844,0.467086145424237,-1.17708627180326,1.48984393929949,"futsch"
"288","associative learning (GO:0008306)","1/49",0.32066010006196,0.394739991165383,0.397550893879798,0.495941416110919,-1.29315484246536,1.47080017228823,"futsch"
"289","gliogenesis (GO:0042063)","1/43",0.287688240598433,0.370026599114536,0.359670299119196,0.469080495005105,-1.17455703181064,1.46335462836347,"kuz"
"290","gland development (GO:0048732)","1/47",0.309841548840936,0.385236325725564,0.385176628334242,0.487019940232787,-1.21254076456834,1.42072703560837,"kuz"
"291","neuromuscular junction development (GO:0007528)","1/51",0.331310128832689,0.405175993621616,0.409679159488487,0.507675503286397,-1.28184372668564,1.41605327395426,"futsch"
"292","lymph gland development (GO:0048542)","1/47",0.309841548840936,0.385236325725564,0.385176628334242,0.487019940232787,-1.20716311716555,1.41442607709516,"kuz"
"293","protein glycosylation (GO:0006486)","1/52",0.336572764015936,0.40760273044787,0.41565255529349,0.509994747119973,-1.28501003598947,1.39930000499723,"CG8668"
"294","protein modification by small protein removal (GO:0070646)","1/54",0.346974887557616,0.416146730093218,0.427420847486022,0.517494986933046,-1.25441497465,1.32780185310233,"Uch"
"295","negative regulation of cell proliferation (GO:0008285)","1/57",0.362274965858111,0.426273067082257,0.444635788066011,0.524839078951336,-1.30050760725253,1.32047271560918,"Dronc"
"296","digestive tract development (GO:0048565)","1/51",0.331310128832689,0.405175993621616,0.409679159488487,0.507675503286397,-1.18571707806036,1.30986212704118,"spo"
"297","wing disc dorsal/ventral pattern formation (GO:0048190)","1/52",0.336572764015936,0.40760273044787,0.41565255529349,0.509994747119973,-1.18544695055458,1.29088168759528,"CG1943"
"298","apoptotic process (GO:0006915)","1/55",0.352115013053862,0.419613098623292,0.433216916346492,0.517916377555261,-1.22966100421248,1.28351697767352,"Dronc"
"299","generation of neurons (GO:0048699)","1/54",0.346974887557616,0.416146730093218,0.427420847486022,0.517494986933046,-1.20951450972111,1.28027458202972,"cas"
"300","male courtship behavior (GO:0008049)","2/113",0.22249085437654,0.32000020965835,0.322109663735973,0.435314871643182,-0.847537530952117,1.27373812073405,"ple;per"
"301","negative regulation of transcription from RNA polymerase II promoter (GO:0000122)","3/192",0.191858687913141,0.298180377465007,0.312337511548073,0.433276083351275,-0.767354837772912,1.26689990463066,"CG4872;per;zfh2"
"302","negative regulation of apoptotic process (GO:0043066)","2/106",0.202376879247209,0.309984214968001,0.296073562326476,0.426391655396817,-0.774954851597566,1.23808614517086,"futsch;SkpA"
"303","negative regulation of transcription, DNA-templated (GO:0045892)","4/279",0.176952160530236,0.294007609900529,0.317196041706728,0.433276083351275,-0.713587617080368,1.23584516975085,"cas;CG4872;per;zfh2"
"304","instar larval development (GO:0002168)","1/57",0.362274965858111,0.426273067082257,0.444635788066011,0.524839078951336,-1.18322913706596,1.2013938119979,"Lcp1"
"305","internal peptidyl-lysine acetylation (GO:0018393)","1/55",0.352115013053862,0.419613098623292,0.433216916346492,0.517916377555261,-1.14484006375415,1.19498109927489,"Gcn5"
"306","Notch signaling pathway (GO:0007219)","1/60",0.377218800314508,0.441074020430443,0.461339428112055,0.54113083863458,-1.21108162227558,1.18071966999813,"kuz"
"307","cellular protein metabolic process (GO:0044267)","2/132",0.277639630460446,0.364646416062488,0.391379027660081,0.489900223554302,-0.889071812865113,1.1392844485212,"mRpL39;kuz"
"308","dorsal/ventral pattern formation, imaginal disc (GO:0007450)","1/57",0.362274965858111,0.426273067082257,0.444635788066011,0.524839078951336,-1.08840189713354,1.1051108050174,"CG1943"
"309","sensory perception of smell (GO:0007608)","2/130",0.271824021421911,0.359540283653805,0.384216675088544,0.487019940232787,-0.830151660961567,1.08135588740121,"Ir76a;SKIP"
"310","ribosome biogenesis (GO:0042254)","1/59",0.372276592075014,0.436664052968491,0.455827424308737,0.536352142798609,-1.08493344006486,1.0720424496053,"CG10341"
"311","regulation of MAPK cascade (GO:0043408)","1/35",0.241239978041414,0.33450747884553,0.305482302944099,0.429980750936412,-0.728490450175772,1.03588652531929,"daw"
"312","sensory perception of sound (GO:0007605)","1/63",0.391814633785498,0.455286163246077,0.477546767172636,0.556640450485604,-1.10476711630278,1.03512969434544,"stops"
"313","negative regulation of nucleic acid-templated transcription (GO:1903507)","2/132",0.277639630460446,0.364646416062488,0.391379027660081,0.489900223554302,-0.80504975109076,1.03161594871382,"cas;per"
"314","regulation of synapse assembly (GO:0051963)","1/46",0.304368251026584,0.384845280111579,0.378895710225864,0.485663573588478,-0.847490059593173,1.00810379813925,"futsch"
"315","axonogenesis (GO:0007409)","3/212",0.23252262920599,0.32977543990051,0.367670959813125,0.477844139408695,-0.687169985833321,1.00242139951487,"kuz;futsch;daw"
"316","dephosphorylation (GO:0016311)","2/143",0.309543500580712,0.385236325725564,0.430089667424247,0.517494986933046,-0.847454578668591,0.99377324350679,"Pp4-19C;CG17028"
"317","dendrite morphogenesis (GO:0048813)","2/141",0.303758313556275,0.384845280111579,0.423142627103454,0.515791502972511,-0.801246133485125,0.954703128578102,"Dronc;futsch"
"318","positive regulation of protein phosphorylation (GO:0001934)","1/62",0.386987521753825,0.451082330044303,0.472198557500075,0.552131855634884,-0.948077155239615,0.900069211158864,"daw"
"319","motor neuron axon guidance (GO:0008045)","1/75",0.446876269776141,0.505105601898487,0.537698153870274,0.611467717663452,-1.11466496890656,0.897833120674585,"side"
"320","histone acetylation (GO:0016573)","1/69",0.419994325411333,0.482024256549007,0.508530380217014,0.587250253315623,-1.02114700099367,0.885859399806133,"Gcn5"
"321","detection of chemical stimulus involved in sensory perception of smell (GO:0050911)","1/73",0.438056092419136,0.496641101739629,0.528170704628789,0.602469947481769,-1.03464235727623,0.854002401561777,"Ir76a"
"322","chromatin remodeling (GO:0006338)","1/73",0.438056092419136,0.496641101739629,0.528170704628789,0.602469947481769,-1.03225315444014,0.852030333682006,"Gcn5"
"323","sensory perception of mechanical stimulus (GO:0050954)","1/72",0.433593738779513,0.494588576650638,0.523334529911755,0.600627014329491,-1.00953233836789,0.843612941569847,"stops"
"324","sensory organ development (GO:0007423)","2/143",0.309543500580712,0.385236325725564,0.430089667424247,0.517494986933046,-0.691117540959896,0.810443577286684,"Traf4;Dronc"
"325","regulation of canonical Wnt signaling pathway (GO:0060828)","1/68",0.4153894763288,0.478210724292106,0.503495475670657,0.58324165349427,-0.897680632098109,0.788647177052806,"SkpA"
"326","wing disc pattern formation (GO:0035222)","1/76",0.451234634957723,0.508490993471996,0.542390382705112,0.614928914130719,-0.959075052912045,0.763201063947468,"CG1943"
"327","negative regulation of signal transduction (GO:0009968)","2/146",0.318203185329889,0.393012543470359,0.440429050000456,0.524839078951336,-0.666080296145284,0.762705335991941,"Pp4-19C;SkpA"
"328","cell morphogenesis involved in neuron differentiation (GO:0048667)","2/160",0.358228898274308,0.425539423746232,0.487300547754267,0.566240200349974,-0.702499149344661,0.72117376589277,"Dronc;futsch"
"329","chaeta development (GO:0022416)","1/85",0.488955731576013,0.542799071065039,0.582558773662853,0.652535803532265,-0.901595689639996,0.645076679196295,"Dronc"
"330","neuron projection morphogenesis (GO:0048812)","2/180",0.413838599856826,0.47790030262104,0.549943734952103,0.619725115217929,-0.730481047447913,0.644488260884711,"Dronc;futsch"
"331","negative regulation of cellular process (GO:0048523)","1/91",0.512660128789131,0.562418317759841,0.607382197493101,0.672265755682275,-0.949265241633361,0.634244138785554,"Dronc"
"332","negative regulation of cellular macromolecule biosynthetic process (GO:2000113)","2/179",0.411111836254915,0.476225822742495,0.54693891861997,0.618206717106814,-0.70908629731346,0.630299714439849,"cas;per"
"333","negative regulation of programmed cell death (GO:0043069)","1/89",0.5048826292913,0.557163374927974,0.599274137942744,0.667251502843712,-0.89935994054323,0.614648929185684,"SkpA"
"334","heart development (GO:0007507)","1/87",0.496981811074947,0.550071856174941,0.591000772234745,0.660009844441796,-0.825880944399087,0.577457485021149,"kuz"
"335","epithelium development (GO:0060429)","1/85",0.488955731576013,0.542799071065039,0.582558773662853,0.652535803532265,-0.769190013534158,0.550342626193892,"Idgf3"
"336","compound eye development (GO:0048749)","2/198",0.461795400359578,0.518824350403983,0.601663659377065,0.667918288534659,-0.694850031199291,0.536864302040838,"Dronc;futsch"
"337","peptide biosynthetic process (GO:0043043)","1/94",0.524099331393387,0.569938923060447,0.61924145580844,0.677352090957619,-0.804529796264912,0.519785822932107,"mRpL39"
"338","detection of chemical stimulus involved in sensory perception (GO:0050907)","1/98",0.538937591600473,0.584371283915629,0.634505143694003,0.690001220401933,-0.827928480627642,0.511788544158875,"Ir76a"
"339","male mating behavior (GO:0060179)","1/101",0.549763766705103,0.592664407459547,0.645554871104999,0.699976648029548,-0.823613088594815,0.49274020890473,"ple"
"340","mitochondrial translation (GO:0032543)","1/94",0.524099331393387,0.569938923060447,0.61924145580844,0.677352090957619,-0.751172043300401,0.485312763434216,"mRpL39"
"341","mitochondrial gene expression (GO:0140053)","1/94",0.524099331393387,0.569938923060447,0.61924145580844,0.677352090957619,-0.737505293636745,0.47648303114374,"mRpL39"
"342","sensory perception of chemical stimulus (GO:0007606)","2/204",0.47727296668511,0.534603052773412,0.617898832808331,0.677352090957619,-0.608489370169864,0.450079321113927,"Ir76a;SKIP"
"343","protein dephosphorylation (GO:0006470)","1/108",0.574052507803402,0.613250804834934,0.670070991416615,0.718208275282751,-0.805410104537327,0.447030322048573,"Pp4-19C"
"344","positive regulation of signal transduction (GO:0009967)","1/107",0.570664092891699,0.611660076576447,0.666674038955994,0.716626560606875,-0.78616847518636,0.441004760485114,"shf"
"345","female gamete generation (GO:0007292)","2/208",0.487441228785203,0.542799071065039,0.628442716850453,0.685406822763799,-0.603328656335985,0.433543255640979,"kuz;spo"
"346","modification-dependent protein catabolic process (GO:0019941)","1/71",0.429096177433936,0.490959736757234,0.518449411070957,0.596856883732922,-0.495597947010152,0.419312634237794,"SkpA"
"347","oogenesis (GO:0048477)","2/216",0.507406552056912,0.558296884711587,0.648862341141938,0.701523632596936,-0.584443686401045,0.396511563645235,"kuz;spo"
"348","phosphate-containing compound metabolic process (GO:0006796)","1/112",0.587342498762344,0.62238281829078,0.683320280298975,0.728224184432908,-0.722922055485927,0.384700915922288,"CG17028"
"349","respiratory system development (GO:0060541)","1/112",0.587342498762344,0.62238281829078,0.683320280298975,0.728224184432908,-0.669564321659215,0.356306749609467,"mmy"
"350","histone modification (GO:0016570)","1/105",0.563806707383191,0.606051590357148,0.659776187160298,0.711261612169917,-0.607995084355484,0.348407815727895,"Gcn5"
"351","regulation of cell cycle (GO:0051726)","1/122",0.61879220264952,0.652004213526189,0.714188508185796,0.753983352702233,-0.716294764971078,0.343811287953011,"Pp4-19C"
"352","border follicle cell migration (GO:0007298)","1/121",0.615757539596177,0.650644652321172,0.711240478354191,0.753672438710549,-0.617129792170189,0.299247468929521,"kuz"
"353","positive regulation of nucleic acid-templated transcription (GO:1903508)","1/135",0.656141779387724,0.687474392448374,0.74991280519817,0.785723248143026,-0.682605306365532,0.287635122458865,"zfh2"
"354","negative regulation of gene expression (GO:0010629)","2/245",0.575436412043503,0.613250804834934,0.715576693985497,0.753983352702233,-0.486730143956941,0.268979999552349,"cas;per"
"355","regulation of cell proliferation (GO:0042127)","1/155",0.706623054118987,0.736230165325089,0.79644143884528,0.829811890193545,-0.758568255164307,0.263418832765714,"Dronc"
"356","wing disc morphogenesis (GO:0007472)","1/134",0.653402637840924,0.686532912435675,0.747328926123921,0.785221660406261,-0.600218170285867,0.255429890561252,"zfh2"
"357","open tracheal system development (GO:0007424)","1/155",0.706623054118987,0.736230165325089,0.79644143884528,0.829811890193545,-0.697587153345933,0.242242662325674,"mmy"
"358","gene expression (GO:0010467)","1/164",0.726866999309478,0.751028783220042,0.814483194068708,0.84155742766656,-0.67875623444602,0.2165312228205,"mRpL39"
"359","post-embryonic appendage morphogenesis (GO:0035120)","1/161",0.72027817716597,0.748367019729545,0.808652044657404,0.840187221886383,-0.649084709969579,0.212976236932088,"zfh2"
"360","cellular macromolecule biosynthetic process (GO:0034645)","1/166",0.731173638872507,0.753391622374158,0.81827277682041,0.843137419209981,-0.651392057357099,0.203953661545656,"mRpL39"
"361","ubiquitin-dependent protein catabolic process (GO:0006511)","1/164",0.726866999309478,0.751028783220042,0.814483194068708,0.84155742766656,-0.605446246607877,0.193144474373902,"SkpA"
"362","imaginal disc-derived appendage morphogenesis (GO:0035114)","1/170",0.739585530165232,0.759959787194577,0.825624078910135,0.848368543893885,-0.589171426267778,0.177732601019323,"zfh2"
"363","positive regulation of gene expression (GO:0010628)","1/204",0.80130140649408,0.821113803907395,0.877347313012983,0.89903996635671,-0.577365936335993,0.12789701384446,"zfh2"
"364","sensory perception (GO:0007600)","2/232",0.545799530603664,0.590096304101932,0.68706318267528,0.73012697190279,-0.19143822658471,0.115916522112495,"CG7778;CG11878"
"365","translation (GO:0006412)","1/225",0.831911360455876,0.84782223347006,0.901381611750447,0.921137921049087,-0.602839337799486,0.110940150629882,"mRpL39"
"366","regulation of nucleic acid-templated transcription (GO:1903506)","1/246",0.857831157908229,0.869486472553721,0.920753553191494,0.933263791685943,-0.584329238782595,0.089605711059769,"cas"
"367","cellular protein modification process (GO:0006464)","2/391",0.815028409318828,0.83289204568746,0.91141315308303,0.92884455218571,-0.429768536422836,0.0879015507845008,"Pp4-19C;CG8668"
"368","regulation of cellular macromolecule biosynthetic process (GO:2000112)","1/266",0.878811390417083,0.883548918128226,0.93568941922744,0.945832393961612,-0.581029460571711,0.0750602776312207,"cas"
"369","imaginal disc-derived wing morphogenesis (GO:0007476)","1/240",0.850860229977224,0.864770751448241,0.915638769891787,0.93060834106168,-0.464212850577739,0.0749738133253764,"zfh2"
"370","regulation of transcription, DNA-templated (GO:0006355)","3/623",0.870909445035493,0.880350197827206,0.956785078305604,0.96431129398819,-0.374843019105113,0.0518097803531311,"cas;per;zfh2"
"371","regulation of transcription from RNA polymerase II promoter (GO:0006357)","3/630",0.875743562439578,0.882844185918818,0.959140724047234,0.96431129398819,-0.268355677713975,0.0356059594008485,"CG4872;per;zfh2"
"372","positive regulation of transcription, DNA-templated (GO:0045893)","1/379",0.950983126821301,0.953539533076197,0.980441021090026,0.983076615232741,-0.494732174790903,0.0248647241672122,"zfh2"
"373","regulation of gene expression (GO:0010468)","1/458",0.974048662442113,0.974048662442113,0.991579749059607,0.991579749059607,-0.436362107985963,0.0114737118774365,"cas"
